<modification>
  <name>BBA Logistics for OpenCart</name>
	<version>1.0</version>
	<link></link>
	<author>bbateam</author>
	<code>BBA_Logistics_OpenCart</code>
  <file path="admin/view/template/common/header.tpl">
    <operation error="skip">
      <search><![CDATA[<link type="text/css" href="view/stylesheet/stylesheet.css"]]></search>
      <add position="after"><![CDATA[
        <!--frd 1-->
        <script type="text/javascript" src="view/javascript/bbalogistics.bundle.js"></script>
        <link href="view/stylesheet/bbalogistics.bundle.css" type="text/css" rel="stylesheet"/>
      ]]>
      </add>
    </operation>
  </file>
  <file path="admin/controller/sale/order.php">
    <operation error="skip">
      <search index="1"><![CDATA[$this->language->get('entry_order_status');]]></search>
      <add position="after"><![CDATA[
        //frd 1
        $data['entry_state'] = $this->language->get('entry_state');
      ]]>
      </add>
    </operation>

    <operation error="skip">
      <search><![CDATA[$data['shipping_code'] = $order_info['shipping_code'];]]></search>
      <add position="after"><![CDATA[
        //frd 2
  			$data['payment_bbacountry'] = $order_info['payment_bbacountry'];
  			$data['payment_bbapostcode'] = $order_info['payment_bbapostcode'];
  			$data['payment_bbacity'] = $order_info['payment_bbacity'];
  			$data['shipping_bbacountry'] = $order_info['shipping_bbacountry'];
  			$data['shipping_bbapostcode'] = $order_info['shipping_bbapostcode'];
  			$data['shipping_bbacity'] = $order_info['shipping_bbacity'];
      ]]>
      </add>
    </operation>
    <operation error="skip">
      <search><![CDATA[$data['shipping_code'] = '';]]></search>
      <add position="after"><![CDATA[
        //frd 3
  			$data['payment_bbacountry'] = '';
  			$data['payment_bbacity'] = '';
  			$data['payment_bbapostcode'] = '';
  			$data['shipping_bbacountry'] = '';
  			$data['shipping_bbacity'] = '';
  			$data['shipping_bbapostcode'] = '';
      ]]>
      </add>
    </operation>

  </file>
  <file path="admin/language/en-gb/en-gb.php">
    <operation error="skip">
      <search><![CDATA[$_['error_curl']]]></search>
      <add position="after"><![CDATA[
        //frd 1
        $_['entry_city']             = 'City';
        $_['entry_state']            = 'Region / State';
        $_['entry_country']          = 'Country';
        $_['entry_postcode']         = 'Post Code';
        $_['text_shipping_method']   = 'Shipping Method:';
        $_['button_close']           = 'Close';
        $_['button_estimate']        = 'Estimate';
      ]]>
      </add>
    </operation>

  </file>
  <file path="admin/model/sale/order.php">
    <operation error="skip">
      <search><![CDATA[$order_query->row['date_modified']]]></search>
      <add position="after"><![CDATA[
        //frd 1
				,'payment_bbacountry'			=> $order_query->row['payment_bbacountry'],
				'payment_bbacity'			=> $order_query->row['payment_bbacity'],
				'payment_bbapostcode'			=> $order_query->row['payment_bbapostcode'],
				'shipping_bbacountry'			=> $order_query->row['shipping_bbacountry'],
				'shipping_bbacity'			=> $order_query->row['shipping_bbacity'],
				'shipping_bbapostcode'			=> $order_query->row['shipping_bbapostcode'],

      ]]>
      </add>
    </operation>
  </file>
  <file path="admin/view/template/sale/order_form.tpl">
    <operation error="skip">
      <search><![CDATA[<input type="text" name="address_2" value="<?php echo $payment_address_2; ?>" id="input-payment-address-2" class="form-control" />]]></search>
      <add position="replace" offset="36"><![CDATA[
        <input type="text" name="address_2" value="<?php echo $payment_address_2; ?>" id="input-payment-address-2" class="form-control" />
      </div>
    </div>
    <!--frd 1-->
    <input type="hidden" name="city" value="" id="input-payment-city" class="form-control" />
    <input type="hidden" name="postcode" value="" id="input-payment-postcode" class="form-control" />
    <input type="hidden" name="country_id" value="" id="input-payment-country" class="form-control" />
    <input type="hidden" name="zone_id" value="" id="input-payment-zone" class="form-control" />

    <div class="form-group required">
      <label class="col-sm-2 control-label" for="input-payment-bbacountry"><?php echo $entry_country; ?></label>
      <div class="col-sm-10">
        <select name="bbacountry" id="input-payment-bbacountry" class="form-control" style="width: 100%;">
        </select>
      </div>
    </div>
    <div class="form-group">
      <label class="col-sm-2 control-label" for="input-payment-bbastate"><?php echo $entry_state; ?></label>
      <div class="col-sm-10">
        <select name="bbastate" id="input-payment-bbastate" class="form-control" style="width: 100%;">
        </select>
      </div>
    </div>
    <div class="form-group required">
      <label class="col-sm-2 control-label" for="input-payment-bbapostcode"><?php echo $entry_postcode; ?></label>
      <div class="col-sm-10">
        <select name="bbapostcode" id="input-payment-bbapostcode" class="form-control" style="width: 100%;">
        </select>
      </div>
    </div>

    <div class="form-group required">
      <label class="col-sm-2 control-label" for="input-payment-bbacity"><?php echo $entry_city; ?></label>
      <div class="col-sm-10">
        <select name="bbacity" id="input-payment-bbacity" class="form-control" style="width: 100%;">
        </select>
      </div>
    </div>
    <script type="text/javascript">
    var BBALogistics_Address_Field = BBALogistics_Address_Form.field();
    var field = new BBALogistics_Address_Field( "#input-payment-bbacountry", "#input-payment-bbastate", "#input-payment-bbapostcode", "#input-payment-bbacity" );
    // To add initial values
    <?php if (isset($payment_bbacountry) && isset($payment_bbapostcode) && isset($payment_bbacity)) { ?>
      field.value({ country: "<?php echo $payment_bbacountry;?>", state: "<?php echo $payment_bbastate;?>", postcode: "<?php echo $payment_bbapostcode;?>", city: "<?php echo $payment_bbacity;?>" });
    <?php } ?>
    var address = new BBALogistics_Address_Form( field );
        address.init({ ajaxUrl: "<?php echo $store_url; ?>index.php?route=api/bbashipping/addressapi" });
    </script>

      ]]>
      </add>
    </operation>
    <operation error="skip">
      <search><![CDATA[<input type="text" name="address_2" value="<?php echo $shipping_address_2; ?>" id="input-shipping-address-2" class="form-control" />]]></search>
      <add position="replace" offset="36"><![CDATA[
        <input type="text" name="address_2" value="<?php echo $shipping_address_2; ?>" id="input-shipping-address-2" class="form-control" />
      </div>
    </div>
    <!--frd 2-->
    <input type="hidden" name="city" value="" id="input-shipping-city" class="form-control" />
    <input type="hidden" name="postcode" value="" id="input-shipping-postcode" class="form-control" />
    <input type="hidden" name="country_id" value="" id="input-shipping-country" class="form-control" />
    <input type="hidden" name="zone_id" value="" id="input-shipping-zone" class="form-control" />

    <div class="form-group required">
      <label class="col-sm-2 control-label" for="input-shipping-bbacountry"><?php echo $entry_country; ?></label>
      <div class="col-sm-10">
        <select name="bbacountry" id="input-shipping-bbacountry" class="form-control" style="width: 100%;">
        </select>
      </div>
    </div>
    <div class="form-group">
      <label class="col-sm-2 control-label" for="input-shipping-bbastate"><?php echo $entry_state; ?></label>
      <div class="col-sm-10">
        <select name="bbastate" id="input-shipping-bbastate" class="form-control" style="width: 100%;">
        </select>
      </div>
    </div>
    <div class="form-group required">
      <label class="col-sm-2 control-label" for="input-shipping-bbapostcode"><?php echo $entry_postcode; ?></label>
      <div class="col-sm-10">
        <select name="bbapostcode" id="input-shipping-bbapostcode" class="form-control" style="width: 100%;">
        </select>
      </div>
    </div>

    <div class="form-group required">
      <label class="col-sm-2 control-label" for="input-shipping-bbacity"><?php echo $entry_city; ?></label>
      <div class="col-sm-10">
        <select name="bbacity" id="input-shipping-bbacity" class="form-control" style="width: 100%;">
        </select>
      </div>
    </div>
    <script type="text/javascript">
    var BBALogistics_Address_Field = BBALogistics_Address_Form.field();
    var field = new BBALogistics_Address_Field( "#input-shipping-bbacountry", "#input-shipping-bbastate", "#input-shipping-bbapostcode", "#input-shipping-bbacity" );
    // To add initial values
    <?php if (isset($shipping_bbacountry) && isset($shipping_bbapostcode) && isset($shipping_bbacity)) { ?>
      field.value({ country: "<?php echo $shipping_bbacountry;?>", state: "<?php echo $shipping_bbastate;?>", postcode: "<?php echo $shipping_bbapostcode;?>", city: "<?php echo $shipping_bbacity;?>" });
    <?php } ?>
    var address = new BBALogistics_Address_Form( field );
        address.init({ ajaxUrl: "<?php echo $store_url; ?>index.php?route=api/bbashipping/addressapi" });
    </script>

      ]]>
      </add>
    </operation>

    <operation error="skip">
      <search><![CDATA[$('#tab-payment select[name=\'country_id\']').val(json['country_id']);]]></search>
      <add position="after"><![CDATA[
        //frd 3
        $('#tab-payment select[name=\'bbacity\']').val(json['bbacity']);
  			$('#tab-payment select[name=\'bbapostcode\']').val(json['bbapostcode']);
  			$('#tab-payment select[name=\'bbacountry\']').val(json['bbacountry']);
      ]]>
      </add>
    </operation>
    <operation error="skip">
      <search><![CDATA[$('#tab-shipping select[name=\'country_id\']').val(json['country_id']);]]></search>
      <add position="after"><![CDATA[
        //frd 4
        $('#tab-shipping select[name=\'bbacity\']').val(json['bbacity']);
  			$('#tab-shipping select[name=\'bbapostcode\']').val(json['bbapostcode']);
  			$('#tab-shipping select[name=\'bbacountry\']').val(json['bbacountry']);
      ]]>
      </add>
    </operation>
  </file>

  <file path="catalog/controller/product/product.php">
    <operation error="skip">
      <search index="0"><![CDATA[$data['button_continue']]]></search>
      <add position="after"><![CDATA[
        //frd 1
  			$data['entry_city'] = $this->language->get('entry_city');
  			$data['entry_country'] = $this->language->get('entry_country');
  			$data['entry_state'] = $this->language->get('entry_state');
  			$data['entry_postcode'] = $this->language->get('entry_postcode');
  			$data['button_estimate'] = $this->language->get('button_estimate');
  			$data['button_close'] = $this->language->get('button_close');
  			$data['text_shipping_method']  = $this->language->get('text_shipping_method');
  			//---

      ]]>
      </add>
    </operation>
  </file>
  <file path="catalog/controller/account/address.php">
    <operation error="skip">
      <search><![CDATA[$data['entry_zone'] = $this->language->get('entry_zone');]]></search>
      <add position="after"><![CDATA[
        //frd 1
        $data['entry_state'] = $this->language->get('entry_state');
      ]]>
      </add>
    </operation>
    <operation error="skip">
      <search><![CDATA[$data['countries'] = $this->model_localisation_country->getCountries();]]></search>
      <add position="after"><![CDATA[
        //frd 2
    		if (isset($this->request->post['bbacountry'])) {
    			$data['bbacountry'] = $this->request->post['bbacountry'];
    		} elseif(!empty($address_info)) {
    			$data['bbacountry'] = $address_info['bbacountry'];
    		} else {
    			$data['bbacountry'] = '';
    		}
    		if (isset($this->request->post['bbacity'])) {
    			$data['bbacity'] = $this->request->post['bbacity'];
    		} elseif(!empty($address_info)) {
    			$data['bbacity'] = $address_info['bbacity'];
    		} else {
    			$data['bbacity'] = '';
    		}
    		if (isset($this->request->post['bbapostcode'])) {
    			$data['bbapostcode'] = $this->request->post['bbapostcode'];
    		} elseif(!empty($address_info)) {
    			$data['bbapostcode'] = $address_info['bbapostcode'];
    		} else {
    			$data['bbapostcode'] = '';
    		}

      ]]>
      </add>
    </operation>
    <operation error="skip">
      <search><![CDATA[if ((utf8_strlen(trim($this->request->post['city'])) < 2) || (utf8_strlen(trim($this->request->post['city'])) > 128)) {]]></search>
      <add position="replace" offset="18"><![CDATA[
        /*frd 3 replace*/
      ]]>
      </add>
    </operation>

  </file>
  <file path="catalog/controller/checkout/confirm.php">
    <operation error="skip">
      <search><![CDATA[$order_data['payment_custom_field']]]></search>
      <add position="after"><![CDATA[
        //frd 1
  			$order_data['payment_bbacountry'] = $this->session->data['payment_address']['bbacountry'];
  			$order_data['payment_bbacity'] = $this->session->data['payment_address']['bbacity'];
  			$order_data['payment_bbapostcode'] = $this->session->data['payment_address']['bbapostcode'];
      ]]>
      </add>
    </operation>
    <operation error="skip">
      <search><![CDATA[if (isset($this->session->data['shipping_method']['title'])) {]]></search>
      <add position="before"><![CDATA[
        //frd 2
				$order_data['shipping_bbacountry'] = $this->session->data['shipping_address']['bbacountry'];
				$order_data['shipping_bbacity'] = $this->session->data['shipping_address']['bbacity'];
				$order_data['shipping_bbapostcode'] = $this->session->data['shipping_address']['bbapostcode'];
      ]]>
      </add>
    </operation>
    <operation error="skip">
      <search index="1"><![CDATA[$order_data['shipping_code'] = '';]]></search>
      <add position="after"><![CDATA[
        //frd 3
        $order_data['shipping_bbacity'] = '';
				$order_data['shipping_bbacountry'] = '';
        $order_data['shipping_bbapostcode'] = '';
      ]]>
      </add>
    </operation>
  </file>
  <file path="catalog/controller/checkout/payment_address.php">
    <operation error="skip">
      <search><![CDATA[$data['entry_zone'] = $this->language->get('entry_zone');]]></search>
      <add position="after"><![CDATA[
        //frd 1
        $data['entry_state'] = $this->language->get('entry_state');
      ]]>
      </add>
    </operation>
    <operation error="skip">
      <search><![CDATA[$data['countries'] = $this->model_localisation_country->getCountries();]]></search>
      <add position="after"><![CDATA[
        //frd 2
    		if (isset($this->session->data['payment_address']['bbacountry'])) {
    			$data['bbacountry'] = $this->session->data['payment_address']['bbacountry'];
    		} else {
    			$data['bbacountry'] = '';
    		}
    		if (isset($this->session->data['payment_address']['bbacity'])) {
    			$data['bbacity'] = $this->session->data['payment_address']['bbacity'];
    		} else {
    			$data['bbacity'] = '';
    		}
    		if (isset($this->session->data['payment_address']['bbapostcode'])) {
    			$data['bbapostcode'] = $this->session->data['payment_address']['bbapostcode'];
    			$data['postcode'] = $data['bbapostcode'];
    		} else {
    			$data['bbapostcode'] = '';
    		}

    		//--

      ]]>
      </add>
    </operation>
    <operation error="skip">
      <search><![CDATA[if ((utf8_strlen($this->request->post['city']) < 2) || (utf8_strlen($this->request->post['city']) > 32)) {]]></search>
      <add position="replace" offset="18"><![CDATA[
        /*frd 3 replace*/
      ]]>
      </add>
    </operation>
  </file>
  <file path="catalog/controller/checkout/register.php">
    <operation error="skip">
      <search><![CDATA[$data['entry_shipping'] = $this->language->get('entry_shipping');]]></search>
      <add position="after"><![CDATA[
        //frd 1
        $data['entry_state'] = $this->language->get('entry_state');
      ]]>
      </add>
    </operation>
    <operation error="skip">
      <search><![CDATA[$data['countries'] = $this->model_localisation_country->getCountries();]]></search>
      <add position="after"><![CDATA[
        //frd 2
    		if (isset($this->session->data['shipping_address']['bbacountry'])) {
    			$data['bbacountry'] = $this->session->data['shipping_address']['bbacountry'];
    		} else {
    			$data['bbacountry'] = '';
    		}
    		if (isset($this->session->data['shipping_address']['bbacity'])) {
    			$data['bbacity'] = $this->session->data['shipping_address']['bbacity'];
    		} else {
    			$data['bbacity'] = '';
    		}
    		if (isset($this->session->data['shipping_address']['bbapostcode'])) {
    			$data['bbapostcode'] = $this->session->data['shipping_address']['bbapostcode'];
    			$data['postcode'] = $data['bbapostcode'];
    		} else {
    			$data['bbapostcode'] = '';
    		}
    		//--

      ]]>
      </add>
    </operation>
    <operation error="skip">
      <search><![CDATA[if ((utf8_strlen(trim($this->request->post['city'])) < 2) || (utf8_strlen(trim($this->request->post['city'])) > 128)) {]]></search>
      <add position="replace" offset="18"><![CDATA[
        /*frd 3 replace*/
      ]]>
      </add>
    </operation>
  </file>
  <file path="catalog/controller/checkout/shipping_address.php">
    <operation error="skip">
      <search><![CDATA[$data['entry_zone'] = $this->language->get('entry_zone');]]></search>
      <add position="after"><![CDATA[
        //frd 1
        $data['entry_state'] = $this->language->get('entry_state');
      ]]>
      </add>
    </operation>
    <operation error="skip">
      <search><![CDATA[$data['countries'] = $this->model_localisation_country->getCountries();]]></search>
      <add position="after"><![CDATA[
        //frd 2
        if (isset($this->session->data['shipping_address']['bbacountry'])) {
          $data['bbacountry'] = $this->session->data['shipping_address']['bbacountry'];
        } else {
          $data['bbacountry'] = '';
        }
        if (isset($this->session->data['shipping_address']['bbacity'])) {
          $data['bbacity'] = $this->session->data['shipping_address']['bbacity'];
        } else {
          $data['bbacity'] = '';
        }
        if (isset($this->session->data['shipping_address']['bbapostcode'])) {
          $data['bbapostcode'] = $this->session->data['shipping_address']['bbapostcode'];
          $data['postcode'] = $data['bbapostcode'];
        } else {
          $data['bbapostcode'] = '';
        }

        //--
      ]]>
      </add>
    </operation>
    <operation error="skip">
      <search><![CDATA[if ((utf8_strlen(trim($this->request->post['city'])) < 2) || (utf8_strlen(trim($this->request->post['city'])) > 128)) {]]></search>
      <add position="replace" offset="18"><![CDATA[
        /*frd 3 replace*/
      ]]>
      </add>
    </operation>
  </file>
  <file path="catalog/controller/checkout/guest_shipping.php">
    <operation error="skip">
      <search><![CDATA[$data['entry_zone'] = $this->language->get('entry_zone');]]></search>
      <add position="after"><![CDATA[
        //frd 1
        $data['entry_state'] = $this->language->get('entry_state');
      ]]>
      </add>
    </operation>
    <operation error="skip">
      <search><![CDATA[$data['countries'] = $this->model_localisation_country->getCountries();]]></search>
      <add position="after"><![CDATA[
        //frd 2
        if (isset($this->session->data['shipping_address']['bbacountry'])) {
    			$data['bbacountry'] = $this->session->data['shipping_address']['bbacountry'];
    		} else {
    			$data['bbacountry'] = '';
    		}
    		if (isset($this->session->data['shipping_address']['bbacity'])) {
    			$data['bbacity'] = $this->session->data['shipping_address']['bbacity'];
    		} else {
    			$data['bbacity'] = '';
    		}
    		if (isset($this->session->data['shipping_address']['bbapostcode'])) {
    			$data['bbapostcode'] = $this->session->data['shipping_address']['bbapostcode'];
    			$data['postcode'] = $data['bbapostcode'];
    		} else {
    			$data['bbapostcode'] = '';
    		}

        //--
      ]]>
      </add>
    </operation>
    <operation error="skip">
      <search><![CDATA[if ((utf8_strlen(trim($this->request->post['city'])) < 2) || (utf8_strlen(trim($this->request->post['city'])) > 128)) {]]></search>
      <add position="replace" offset="18"><![CDATA[
        /*frd 3 replace*/
      ]]>
      </add>
    </operation>
    <operation error="skip">
      <search><![CDATA[if (!$json) {]]></search>
      <add position="after"><![CDATA[
        //frd 4
  			$this->load->model('localisation/country');
  			$country = $this->model_localisation_country->getCountryByCode($this->request->post['bbacountry']);
  			$this->request->post['country_id'] = $country['country_id'];
  			$this->request->post['postcode'] = $this->request->post['bbapostcode'];
  			$this->request->post['zone_id'] = null;
  			if ($country) {
  				$bbaaddress = $this->model_localisation_country->getBBAAddress($this->request->post['bbacountry'], $this->request->post['bbapostcode']);
  				$databba = array();
  				foreach ($bbaaddress['content'] as $d) {
  					if ($d['id'] == $this->request->post['bbacity']) {
  						$databba = $d;
  						break;
  					}
  				}
  				$this->request->post['city']=$databba['name'];
  				if (isset($databba['state']['name'])) {
  					$this->load->model('localisation/zone');
  					$zone = $this->model_localisation_zone->getZoneByName($country['country_id'], $databba['state']['name']);
  					$this->request->post['zone_id'] = $zone['zone_id'];
  				}
  			}
  			$this->session->data['shipping_address']['bbacity'] = $this->request->post['bbacity'];
  			$this->session->data['shipping_address']['bbacountry'] = $this->request->post['bbacountry'];
  			$this->session->data['shipping_address']['bbapostcode'] = $this->request->post['bbapostcode'];
  			//

      ]]>
      </add>
    </operation>


  </file>
  <file path="catalog/controller/checkout/guest.php">
    <operation error="skip">
      <search><![CDATA[$data['entry_shipping'] = $this->language->get('entry_shipping');]]></search>
      <add position="after"><![CDATA[
        //frd 1
        $data['entry_state'] = $this->language->get('entry_state');
      ]]>
      </add>
    </operation>
    <operation error="skip">
      <search><![CDATA[$data['countries'] = $this->model_localisation_country->getCountries();]]></search>
      <add position="after"><![CDATA[
        //frd 2
    		if (isset($this->session->data['payment_address']['bbacountry'])) {
    			$data['bbacountry'] = $this->session->data['payment_address']['bbacountry'];
    		} elseif (isset($this->session->data['shipping_address']['bbacountry'])) {
    			$data['bbacountry'] = $this->session->data['shipping_address']['bbacountry'];
    		} else {
    			$data['bbacountry'] = '';
    		}

    		if (isset($this->session->data['payment_address']['bbacity'])) {
    			$data['bbacity'] = $this->session->data['payment_address']['bbacity'];
    		} elseif (isset($this->session->data['shipping_address']['bbacity'])) {
    			$data['bbacity'] = $this->session->data['shipping_address']['bbacity'];
    		} else {
    			$data['bbacity'] = '';
    		}

    		if (isset($this->session->data['payment_address']['bbapostcode'])) {
    			$data['bbapostcode'] = $this->session->data['payment_address']['bbapostcode'];
    		} elseif (isset($this->session->data['shipping_address']['bbapostcode'])) {
    			$data['bbapostcode'] = $this->session->data['shipping_address']['bbapostcode'];
    		} else {
    			$data['bbapostcode'] = '';
    		}
    		//--

      ]]>
      </add>
    </operation>
    <operation error="skip">
      <search><![CDATA[$this->session->data['payment_address']['firstname']]]></search>
      <add position="before"><![CDATA[
        //frd 3
  			$this->load->model('localisation/country');
  			$country = $this->model_localisation_country->getCountryByCode($this->request->post['bbacountry']);
  			$this->request->post['country_id'] = $country['country_id'];
  			$this->request->post['postcode'] = $this->request->post['bbapostcode'];
  			$this->request->post['zone_id'] = null;
  			if ($country) {
  				$bbaaddress = $this->model_localisation_country->getBBAAddress($this->request->post['bbacountry'], $this->request->post['bbapostcode']);
  				$databba = array();
  				foreach ($bbaaddress['content'] as $d) {
  					if ($d['id'] == $this->request->post['bbacity']) {
  						$databba = $d;
  						break;
  					}
  				}
  				$this->request->post['city']=$databba['name'];
  				if (isset($databba['state']['name'])) {
  					$this->load->model('localisation/zone');
  					$zone = $this->model_localisation_zone->getZoneByName($country['country_id'], $databba['state']['name']);
  					$this->request->post['zone_id'] = $zone['zone_id'];
  				}
  			}
  			$this->session->data['payment_address']['bbacity'] = $this->request->post['bbacity'];
  			$this->session->data['payment_address']['bbacountry'] = $this->request->post['bbacountry'];
  			$this->session->data['payment_address']['bbapostcode'] = $this->request->post['bbapostcode'];
  			//--
      ]]>
      </add>
    </operation>
    <operation error="skip">
      <search><![CDATA[if ($this->session->data['guest']['shipping_address']) {]]></search>
      <add position="after"><![CDATA[
        //frd 4
				$this->load->model('localisation/country');
				$country = $this->model_localisation_country->getCountryByCode($this->request->post['bbacountry']);
				$this->request->post['country_id'] = $country['country_id'];
				$this->request->post['postcode'] = $this->request->post['bbapostcode'];
				$this->request->post['zone_id'] = null;
				if ($country) {
					$bbaaddress = $this->model_localisation_country->getBBAAddress($this->request->post['bbacountry'], $this->request->post['bbapostcode']);
					$databba = array();
					foreach ($bbaaddress['content'] as $d) {
						if ($d['id'] == $this->request->post['bbacity']) {
							$databba = $d;
							break;
						}
					}
					$this->request->post['city']=$databba['name'];
					if (isset($databba['state']['name'])) {
						$this->load->model('localisation/zone');
						$zone = $this->model_localisation_zone->getZoneByName($country['country_id'], $databba['state']['name']);
						$this->request->post['zone_id'] = $zone['zone_id'];
					}
				}
				$this->session->data['shipping_address']['bbacity'] = $this->request->post['bbacity'];
				$this->session->data['shipping_address']['bbacountry'] = $this->request->post['bbacountry'];
				$this->session->data['shipping_address']['bbapostcode'] = $this->request->post['bbapostcode'];
				//

      ]]>
      </add>
    </operation>
    <operation error="skip">
      <search><![CDATA[if ((utf8_strlen(trim($this->request->post['city'])) < 2) || (utf8_strlen(trim($this->request->post['city'])) > 128)) {]]></search>
      <add position="replace" offset="18"><![CDATA[
        /*frd 6 replace*/
      ]]>
      </add>
    </operation>


  </file>

  <file path="catalog/controller/api/order.php">
    <operation error="skip">
      <search><![CDATA[$order_data['payment_custom_field']]]></search>
      <add position="after"><![CDATA[
        //frd 1 & 2
        $order_data['payment_bbacountry'] = $this->session->data['payment_address']['bbacountry'];
				$order_data['payment_bbacity'] = $this->session->data['payment_address']['bbacity'];
				$order_data['payment_bbapostcode'] = $this->session->data['payment_address']['bbapostcode'];
      ]]>
      </add>
    </operation>
    <operation error="skip">
      <search><![CDATA[$order_data['shipping_code'] = '';]]></search>
      <add position="after"><![CDATA[
        //frd 3
        $order_data['shipping_bbacountry'] = '';
        $order_data['shipping_bbacity'] = '';
        $order_data['shipping_bbapostcode'] = '';
      ]]>
      </add>
    </operation>
    <operation error="skip">
      <search><![CDATA[if (isset($this->session->data['shipping_method']['title'])) {]]></search>
      <add position="before"><![CDATA[
        //frd 4 & 5
        $order_data['shipping_bbacountry'] = $this->session->data['shipping_address']['bbacountry'];
        $order_data['shipping_bbacity'] = $this->session->data['shipping_address']['bbacity'];
        $order_data['shipping_bbapostcode'] = $this->session->data['shipping_address']['bbapostcode'];
      ]]>
      </add>
    </operation>
    <operation error="skip">
      <search><![CDATA[$order_data['shipping_code'] = '';]]></search>
      <add position="after"><![CDATA[
        //frd 6
        $order_data['shipping_bbacountry'] = '';
        $order_data['shipping_bbacity'] = '';
        $order_data['shipping_bbapostcode'] = '';
      ]]>
      </add>
    </operation>
  </file>
  <file path="catalog/controller/api/payment.php">
    <operation error="skip">
      <search><![CDATA[if ((utf8_strlen($this->request->post['city']) < 2) || (utf8_strlen($this->request->post['city']) > 32)) {]]></search>
      <add position="replace" offset="19"><![CDATA[
        //frd 1
  			if ($this->request->post['bbacountry'] == '') {
  				$json['error']['bbacountry'] = $this->language->get('error_country');
  			}
  			if ($this->request->post['bbapostcode'] == '') {
  				$json['error']['bbapostcode'] = $this->language->get('error_postcode');
  			}
  			if ($this->request->post['bbacity'] == '') {
  				$json['error']['bbacity'] = $this->language->get('error_city');
  			}
  			//
      ]]>
      </add>
    </operation>
    <operation error="skip">
      <search index="0"><![CDATA[if (!$json) {]]></search>
      <add position="after"><![CDATA[
        //frd 2
				$this->load->model('localisation/country');
				$country = $this->model_localisation_country->getCountryByCode($this->request->post['bbacountry']);
				$this->request->post['country_id'] = $country['country_id'];
				$this->request->post['postcode'] = $this->request->post['bbapostcode'];
				$this->request->post['zone_id'] = null;
				if ($country) {
					$bbaaddress = $this->model_localisation_country->getBBAAddress($this->request->post['bbacountry'], $this->request->post['bbapostcode']);
					$databba = array();
					foreach ($bbaaddress['content'] as $d) {
						if ($d['id'] == $this->request->post['bbacity']) {
							$databba = $d;
							break;
						}
					}
					$this->request->post['city'] = $databba['name'];
					if (isset($databba['state']['name'])) {
						$this->load->model('localisation/zone');
						$zone = $this->model_localisation_zone->getZoneByName($country['country_id'], $databba['state']['name']);
						$this->request->post['zone_id'] = $zone['zone_id'];
					}
				}
				//---

      ]]>
      </add>
    </operation>
    <operation error="skip">
      <search><![CDATA[isset($this->request->post['custom_field'])]]></search>
      <add position="after"><![CDATA[
        ,'bbacountry'           => $this->request->post['bbacountry'],
        'bbacity'           => $this->request->post['bbacity'],
        'bbapostcode'           => $this->request->post['bbapostcode']

      ]]>
      </add>
    </operation>
  </file>

  <file path="catalog/controller/api/shipping.php">
    <operation error="skip">
      <search><![CDATA[if ((utf8_strlen($this->request->post['city']) < 2) || (utf8_strlen($this->request->post['city']) > 32)) {]]></search>
      <add position="replace" offset="19"><![CDATA[
        //frd 1
  			if ($this->request->post['bbacountry'] == '') {
  				$json['error']['bbacountry'] = $this->language->get('error_country');
  			}
  			if ($this->request->post['bbapostcode'] == '') {
  				$json['error']['bbapostcode'] = $this->language->get('error_postcode');
  			}
  			if ($this->request->post['bbacity'] == '') {
  				$json['error']['bbacity'] = $this->language->get('error_city');
  			}
  			//
      ]]>
      </add>
    </operation>
    <operation error="skip">
      <search index="0"><![CDATA[if (!$json) {]]></search>
      <add position="after"><![CDATA[
        //frd 2
        //frd
        $this->load->model('localisation/country');
        $country = $this->model_localisation_country->getCountryByCode($this->request->post['bbacountry']);
        $this->request->post['country_id'] = $country['country_id'];
        $this->request->post['postcode'] = $this->request->post['bbapostcode'];
        $this->request->post['zone_id'] = null;
        if ($country) {
          $bbaaddress = $this->model_localisation_country->getBBAAddress($this->request->post['bbacountry'], $this->request->post['bbapostcode']);
          $databba = array();
          foreach ($bbaaddress['content'] as $d) {
            if ($d['id'] == $this->request->post['bbacity']) {
              $databba = $d;
              break;
            }
          }
          $this->request->post['city']=$databba['name'];
          if (isset($databba['state']['name'])) {
            $this->load->model('localisation/zone');
            $zone = $this->model_localisation_zone->getZoneByName($country['country_id'], $databba['state']['name']);
            $this->request->post['zone_id'] = $zone['zone_id'];
          }
        }
				//---

      ]]>
      </add>
    </operation>
    <operation error="skip">
      <search><![CDATA[isset($this->request->post['custom_field'])]]></search>
      <add position="after"><![CDATA[
        ,'bbacountry'           => $this->request->post['bbacountry'],
        'bbacity'           => $this->request->post['bbacity'],
        'bbapostcode'           => $this->request->post['bbapostcode']
      ]]>
      </add>
    </operation>
  </file>

  <file path="catalog/controller/extension/total/shipping.php">
    <operation error="skip">
      <search><![CDATA[$data['entry_postcode'] = $this->language->get('entry_postcode');]]></search>
      <add position="after"><![CDATA[
        //frd 1
  			$data['entry_city'] = $this->language->get('entry_city');
  			$data['entry_state'] = $this->language->get('entry_state');
  			//--

      ]]>
      </add>
    </operation>
    <operation error="skip">
      <search><![CDATA[$data['country_id'] = $this->config->get('config_country_id');]]></search>
      <add position="after" offset="1"><![CDATA[
        //frd 2
  			if (isset($this->session->data['shipping_address']['bbacountry'])) {
  				$data['bbacountry'] = $this->session->data['shipping_address']['bbacountry'];
  			} else {
  				$data['bbacountry'] = 'AU';
  			}
  			if (isset($this->session->data['shipping_address']['bbapostcode'])) {
  				$data['bbapostcode'] = $this->session->data['shipping_address']['bbapostcode'];
  			} else {
  				$data['bbapostcode'] = '';
  			}
    			if (isset($this->session->data['shipping_address']['bbacity'])) {
  				$data['bbacity'] = $this->session->data['shipping_address']['bbacity'];
  			} else {
  				$data['bbacity'] = '';
  			}
  			//--
      ]]>
      </add>
    </operation>
    <operation error="skip">
      <search><![CDATA['address_format' => $address_format]]></search>
      <add position="after"><![CDATA[
        //frd 3
				,'bbacountry'    => $this->request->post['bbacountry'],
        'bbacity' 			=> $this->request->post['bbacity'],
				'bbapostcode' 	=> $this->request->post['bbapostcode'],
				//--
      ]]>
      </add>
    </operation>
  </file>

  <file path="catalog/model/account/address.php">
    <operation error="skip">
      <search><![CDATA[public function addAddress($data) {]]></search>
      <add position="after"><![CDATA[
        //frd 1
    		$this->load->model('localisation/country');
    		$country = $this->model_localisation_country->getCountryByCode($data['bbacountry']);
    		$data['country_id'] = $country['country_id'];
    		$data['postcode'] = $data['bbapostcode'];
    		$data['zone_id'] = null;
    		if ($country) {
    			$bbaaddress = $this->model_localisation_country->getBBAAddress($data['bbacountry'], $data['bbapostcode']);
    			$databba = array();
    			foreach ($bbaaddress['content'] as $d) {
    				if ($d['id'] == $data['bbacity']) {
    					$databba = $d;
    					break;
    				}
    			}
    			$data['city']=$databba['name'];
    			if (isset($databba['state']['name'])) {
    				$this->load->model('localisation/zone');
    				$zone = $this->model_localisation_zone->getZoneByName($country['country_id'], $databba['state']['name']);
    				$data['zone_id'] = $zone['zone_id'];
    			}
    		}
    		//----
      ]]>
      </add>
    </operation>
    <operation error="skip">
      <search position="replace" trim="true"><![CDATA[$this->db->query("INSERT INTO " . DB_PREFIX . "address SET]]></search>
      <add><![CDATA[/*frd 2*/$this->db->query("INSERT INTO " . DB_PREFIX . "address SET bbacountry = '" . $this->db->escape($data['bbacountry']) . "', bbacity = '" . (int)$data['bbacity'] . "', bbapostcode = '" . $this->db->escape($data['bbapostcode']) . "', ]]>
      </add>
    </operation>
    <operation error="skip">
      <search><![CDATA[public function editAddress($address_id, $data) {]]></search>
      <add position="after"><![CDATA[
        //frd 3
    		$this->load->model('localisation/country');
    		$country = $this->model_localisation_country->getCountryByCode($data['bbacountry']);
    		$data['country_id'] = $country['country_id'];
    		$data['postcode'] = $data['bbapostcode'];
    		$data['zone_id'] = null;
    		if ($country) {
    			$bbaaddress = $this->model_localisation_country->getBBAAddress($data['bbacountry'], $data['bbapostcode']);
    			$databba = array();
    			foreach ($bbaaddress['content'] as $d) {
    				if ($d['id'] == $data['bbacity']) {
    					$databba = $d;
    					break;
    				}
    			}
    			$data['city']=$databba['name'];
    			if (isset($databba['state']['name'])) {
    				$this->load->model('localisation/zone');
    				$zone = $this->model_localisation_zone->getZoneByName($country['country_id'], $databba['state']['name']);
    				$data['zone_id'] = $zone['zone_id'];
    			}
    		}
    		//----

      ]]>
      </add>
    </operation>
    <operation error="skip">
      <search position="replace" trim="true"><![CDATA[$this->db->query("UPDATE " . DB_PREFIX . "address SET]]></search>
      <add><![CDATA[/*frd 4*/$this->db->query("UPDATE " . DB_PREFIX . "address SET bbacountry = '" . $this->db->escape($data['bbacountry']) . "', bbacity = '" . (int)$data['bbacity'] . "', bbapostcode = '" . $this->db->escape($data['bbapostcode']) . "', ]]>
      </add>
    </operation>
    <operation error="skip">
      <search><![CDATA[json_decode($address_query->row['custom_field'], true)]]></search>
      <add position="after"><![CDATA[
        //frd 5
        ,'bbacountry'     => $address_query->row['bbacountry'],
        'bbacity'     => $address_query->row['bbacity'],
				'bbapostcode'     => $address_query->row['bbapostcode'],

      ]]>
      </add>
    </operation>
  </file>
  <file path="catalog/model/account/customer.php">
    <operation error="skip">
      <search><![CDATA[$customer_id = $this->db->getLastId();]]></search>
      <add position="after"><![CDATA[
    		//frd 1
    		$this->load->model('localisation/country');
    		$country = $this->model_localisation_country->getCountryByCode($data['bbacountry']);
    		$data['country_id'] = $country['country_id'];
    		$data['postcode'] = $data['bbapostcode'];
    		$data['zone_id'] = null;
    		if ($country) {
    			$bbaaddress = $this->model_localisation_country->getBBAAddress($data['bbacountry'], $data['bbapostcode']);
    			$databba = array();
    			foreach ($bbaaddress['content'] as $d) {
    				if ($d['id'] == $data['bbacity']) {
    					$databba = $d;
    					break;
    				}
    			}
    			$data['city']=$databba['name'];
    			if (isset($databba['state']['name'])) {
    				$this->load->model('localisation/zone');
    				$zone = $this->model_localisation_zone->getZoneByName($country['country_id'], $databba['state']['name']);
    				$data['zone_id'] = $zone['zone_id'];
    			}
    		}
    		//----
      ]]>
      </add>
    </operation>
    <operation error="skip">
      <search position="replace" trim="true"><![CDATA[$this->db->query("INSERT INTO " . DB_PREFIX . "address SET]]></search>
      <add><![CDATA[/*frd 2*/$this->db->query("INSERT INTO " . DB_PREFIX . "address SET bbacountry = '" . $this->db->escape($data['bbacountry']) . "', bbacity = '" . (int)$data['bbacity'] . "', bbapostcode = '" . $this->db->escape($data['bbapostcode']) . "', ]]>
      </add>
    </operation>
  </file>
  <file path="catalog/model/checkout/order.php">
    <operation error="skip">
      <search position="replace" trim="true"><![CDATA[$this->db->query("INSERT INTO `" . DB_PREFIX . "order` SET]]></search>
      <add><![CDATA[
        /*frd 1*/
        $this->db->query("INSERT INTO `" . DB_PREFIX . "order` SET payment_bbacountry = '" . $this->db->escape($data['payment_bbacountry']) . "', payment_bbacity = '" .  (int)$data['payment_bbacity'] . "', payment_bbapostcode = '" . $this->db->escape($data['payment_bbapostcode']) . "', shipping_bbacountry = '" . $this->db->escape($data['shipping_bbacountry']) . "', shipping_bbacity = '" .  (int)$data['shipping_bbacity'] . "', shipping_bbapostcode = '" . $this->db->escape($data['shipping_bbapostcode']) . "', ]]>
      </add>
    </operation>
    <operation error="skip">
      <search position="replace" trim="true"><![CDATA[$this->db->query("UPDATE `" . DB_PREFIX . "order` SET invoice_prefix = '" . $this->db->escape($data['invoice_prefix']) . "', ]]></search>
      <add><![CDATA[/*frd 2*/
        $this->db->query("UPDATE `" . DB_PREFIX . "order` SET invoice_prefix = '" . $this->db->escape($data['invoice_prefix']) . "',  payment_bbacountry = '" . $this->db->escape($data['payment_bbacountry']) . "', payment_bbacity = '" .  (int)$data['payment_bbacity'] . "', payment_bbapostcode = '" . $this->db->escape($data['payment_bbapostcode']) . "', shipping_bbacountry = '" . $this->db->escape($data['shipping_bbacountry']) . "', shipping_bbacity = '" .  (int)$data['shipping_bbacity'] . "', shipping_bbapostcode = '" . $this->db->escape($data['shipping_bbapostcode']) . "', ]]>
      </add>
    </operation>
    <operation error="skip">
      <search><![CDATA[$order_query->row['date_modified']]]></search>
      <add position="after"><![CDATA[
        //frd 3
        ,'payment_bbacountry'     => $order_query->row['payment_bbacountry'],
				'payment_bbacity'        => $order_query->row['payment_bbacity'],
        'payment_bbapostcode'     => $order_query->row['payment_bbapostcode'],
				'shipping_bbacountry'     => $order_query->row['shipping_bbacountry'],
				'shipping_bbacity'        => $order_query->row['shipping_bbacity'],
        'shipping_bbapostcode'     => $order_query->row['shipping_bbapostcode'],
      ]]>
      </add>
    </operation>
  </file>
  <file path="catalog/model/localisation/country.php">
    <operation error="skip">
      <search><![CDATA[class ModelLocalisationCountry extends Model {]]></search>
      <add position="after"><![CDATA[
        //frd 1
      	public function getCountryByCode($code) {
      		$query = $this->db->query("SELECT * FROM " . DB_PREFIX . "country WHERE iso_code_2 = '" . $code . "'");
      		return $query->row;
      	}

      	function getBBAAddress ($country='AU', $postcode='0200') {

          $curl = curl_init();
          curl_setopt_array($curl, array(
          CURLOPT_URL => 'http://api.bbalogistics.com.au/address/location?type=postcode&country=' . urlencode($country) . '&code=' . urlencode($postcode),
          CURLOPT_RETURNTRANSFER => true,
          CURLOPT_ENCODING => "",
          CURLOPT_MAXREDIRS => 10,
          CURLOPT_TIMEOUT => 30,
          CURLOPT_HTTP_VERSION => CURL_HTTP_VERSION_1_1,
          CURLOPT_CUSTOMREQUEST => "GET",
          CURLOPT_HTTPHEADER => array(
            "content-type: application/x-www-form-urlencoded",
            //"key: ".$apikey
            ),
          ));
          $response = curl_exec($curl);
          $err = curl_error($curl);
          curl_close($curl);
          if ($err)   {
            return "cURL Error #:" . $err;
          } else {
            return json_decode($response, true);
            //return $response;
          }

        }
      	//---
      ]]>
      </add>
    </operation>
  </file>
  <file path="catalog/model/localisation/zone.php">
    <operation error="skip">
      <search><![CDATA[class ModelLocalisationZone extends Model {]]></search>
      <add position="after"><![CDATA[
        //frd 1
      	public function getZoneByName($countryId, $name) {
      		$query = $this->db->query("SELECT * FROM " . DB_PREFIX . "zone WHERE country_id = '" . (int)$countryId . "' AND `name` = '" . $name . "'");
      		return $query->row;
      	}
        //----

      ]]>
      </add>
    </operation>
  </file>

  <file path="catalog/language/en-gb/en-gb.php">
    <operation error="skip">
      <search><![CDATA[$_['error_curl']]]></search>
      <add position="after"><![CDATA[
        //frd 1
        $_['entry_city']             = 'City';
        $_['entry_state']            = 'Region / State';
        $_['entry_country']          = 'Country';
        $_['entry_postcode']         = 'Post Code';
        $_['text_shipping_method']   = 'Shipping Method:';
        $_['button_close']           = 'Close';
        $_['button_estimate']        = 'Estimate';
      ]]>
      </add>
    </operation>
  </file>

  <file path="catalog/view/theme/default/template/product/product.tpl">
    <operation error="skip">
      <search><![CDATA[<!-- AddThis Button END -->]]></search>
      <add position="after" offset="2"><![CDATA[
        <!--frd 1-->
        <h3>Shipping Cost Estimation</h3>
        <div class="form-group">
          <label class="control-label" for="input-bbacountry"><?php echo $entry_country; ?></label>
          <select name="bbacountry" id="input-bbacountry" class="form-control" style="width: 100%;">
          </select>
        </div>
        <div class="form-group">
          <label class="control-label" for="input-bbastate"><?php echo $entry_state; ?></label>
          <select name="bbastate" id="input-bbastate" class="form-control" style="width: 100%;">
          </select>
        </div>
        <div class="form-group">
          <label class="control-label" for="input-bbapostcode"><?php echo $entry_postcode; ?></label>
          <select name="bbapostcode" id="input-bbapostcode" class="form-control" style="width: 100%;">
          </select>
        </div>
        <div class="form-group required">
          <label class="control-label" for="input-bbacity"><?php echo $entry_city; ?></label>
          <select name="bbacity" id="input-bbacity" class="form-control" style="width: 100%;">
          </select>
        </div>
        <button type="button" id="button-quote" data-loading-text="<?php echo $text_loading; ?>" class="btn btn-primary btn-lg btn-block"><?php echo $button_estimate; ?></button>

        <script type="text/javascript">
        var BBALogistics_Address_Field = BBALogistics_Address_Form.field();
        var field = new BBALogistics_Address_Field( "#input-bbacountry", "#input-bbastate", "#input-bbapostcode", "#input-bbacity" );
        // To add initial values
        <?php if (isset($bbacountry) && isset($bbapostcode) && isset($bbacity)) { ?>
          field.value({ country: "<?php echo $bbacountry;?>", state: "<?php echo $bbastate;?>", postcode: "<?php echo $bbapostcode;?>", city: "<?php echo $bbacity;?>" });
        <?php } ?>
        var address = new BBALogistics_Address_Form( field );
            address.init({ ajaxUrl: "index.php?route=api/bbashipping/addressapi" });
        </script>
      <!---->
      ]]>
      </add>
    </operation>
    <operation error="skip">
      <search><![CDATA[<?php echo $footer; ?>]]></search>
      <add position="before"><![CDATA[
        <script type="text/javascript"><!--
          $('#button-quote').on('click', function() {
            $.ajax({
              url: 'index.php?route=api/prodshipping/quote',
              type: 'post',
              data: 'bbacountry=' + $('select[name=\'bbacountry\']').val() + '&bbacity=' + $('select[name=\'bbacity\']').val() +
              '&bbapostcode=' + $('select[name=\'bbapostcode\']').val() + '&quantity=' + $('input[name=\'quantity\']').val() + '&product_id=' + <?php echo $product_id;?>,
              dataType: 'json',
              beforeSend: function() {
                $('#button-quote').button('loading');
              },
              complete: function() {
                $('#button-quote').button('reset');
              },
              success: function(json) {
                $('.alert, .text-danger').remove();

                if (json['error']) {
                  if (json['error']['warning']) {
                    $('.breadcrumb').after('<div class="alert alert-danger"><i class="fa fa-exclamation-circle"></i> ' + json['error']['warning'] + '<button type="button" class="close" data-dismiss="alert">&times;</button></div>');

                    $('html, body').animate({ scrollTop: 0 }, 'slow');
                  }

                  if (json['error']['country']) {
                    $('select[name=\'country_id\']').after('<div class="text-danger">' + json['error']['country'] + '</div>');
                  }

                  if (json['error']['zone']) {
                    $('select[name=\'zone_id\']').after('<div class="text-danger">' + json['error']['zone'] + '</div>');
                  }

                  if (json['error']['postcode']) {
                    $('input[name=\'postcode\']').after('<div class="text-danger">' + json['error']['postcode'] + '</div>');
                  }
                }

                if (json['shipping_method']) {
                  $('#modal-shipping').remove();

                  html  = '<div id="modal-shipping" class="modal">';
                  html += '  <div class="modal-dialog">';
                  html += '    <div class="modal-content">';
                  html += '      <div class="modal-header">';
                  html += '        <h4 class="modal-title"><?php echo $text_shipping_method; ?></h4>';
                  html += '      </div>';
                  html += '      <div class="modal-body">';

                  for (i in json['shipping_method']) {

                    html += '<p><strong>' + json['shipping_method'][i]['title'] + '</strong></p>';

                    if (!json['shipping_method'][i]['error']) {
                      html += '<table class="table table-striped">';
                      html += '<thead>';
                      html += '<tr>';
                      html += '<th>Service</th>';
                      html += '<th>Cost</th>'
                      html += '<th>Estimate</th>';
                      html += '</tr>';
                      html += '</thead>';
                      html += '<tbody>';
                      for (j in json['shipping_method'][i]['quote']) {
                        html += '<tr>';
                        if(typeof(json['shipping_method'][i]['quote'][j]['etd']) != "undefined" && json['shipping_method'][i]['quote'][j]['etd'] !== null) {
                          html += '<td>' + '<img src="' +  json['shipping_method'][i]['quote'][j]['icon'] + '" alt="" style="width:96px;height:48px;">' + json['shipping_method'][i]['quote'][j]['title'] + '</td>';
                          html += '<td>' + json['shipping_method'][i]['quote'][j]['text'] + '</td>';
                          html += '<td>' +'<p style="font-size:85%;">' + json['shipping_method'][i]['quote'][j]['etd'] + '</p>' + '</td>';
                        } else {
                          html += '<td>' + json['shipping_method'][i]['quote'][j]['title'] + '</td>';
                          html += '<td>' + json['shipping_method'][i]['quote'][j]['text'] + '</td>';
                          html += '<td>-</td>';
                        }
                        html += '</tr>';

                      }
                      html += '</tbody>';
                      html += '</table>';
                    } else {
                      html += '<div class="alert alert-danger">' + json['shipping_method'][i]['error'] + '</div>';
                    }
                  }

                  html += '      </div>';
                  html += '      <div class="modal-footer">';
                  html += '        <button type="button" class="btn btn-default" data-dismiss="modal"><?php echo $button_close; ?></button>';
                  html += '      </div>';
                  html += '    </div>';
                  html += '  </div>';
                  html += '</div> ';

                  $('body').append(html);

                  $('#modal-shipping').modal('show');

                  $('input[name=\'shipping_method\']').on('change', function() {
                    $('#button-shipping').prop('disabled', false);
                  });
                }
              },
              error: function(xhr, ajaxOptions, thrownError) {
                alert(thrownError + "\r\n" + xhr.statusText + "\r\n" + xhr.responseText);
              }
            });
          });
        //--></script>

      ]]>
      </add>
    </operation>

  </file>
  <file path="catalog/view/theme/default/template/account/address_form.tpl">
    <operation error="skip">
      <search offset="2"><![CDATA[<input type="text" name="address_2" value="<?php echo $address_2; ?>" placeholder="<?php echo $entry_address_2; ?>" id="input-address-2" class="form-control" />]]></search>
      <add position="replace" offset="48"><![CDATA[
        <!--frd 1-->
            <input type="text" name="address_2" value="<?php echo $address_2; ?>" placeholder="<?php echo $entry_address_2; ?>" id="input-address-2" class="form-control" />
          </div>
        </div>
        <input type="hidden" name="city" value="" id="input-city" class="form-control" />
        <input type="hidden" name="postcode" value="" id="input-postcode" class="form-control" />
        <input type="hidden" name="country_id" value="" id="input-country" class="form-control" />
        <input type="hidden" name="zone_id" value="" id="input-zone" class="form-control" />

        <div class="form-group required">
          <label class="col-sm-2 control-label" for="input-bbacountry"><?php echo $entry_country; ?></label>
          <div class="col-sm-10">
            <select name="bbacountry" id="input-bbacountry" class="form-control" style="width: 100%;">
            </select>
          </div>
        </div>
        <div class="form-group">
          <label class="col-sm-2 control-label" for="input-bbastate"><?php echo $entry_state; ?></label>
          <div class="col-sm-10">
            <select name="bbastate" id="input-bbastate" class="form-control" style="width: 100%;">
            </select>
        </div>
        </div>
        <div class="form-group required">
          <label class="col-sm-2 control-label" for="input-bbapostcode"><?php echo $entry_postcode; ?></label>
          <div class="col-sm-10">
            <select name="bbapostcode" id="input-bbapostcode" class="form-control" style="width: 100%;">
            </select>
          </div>
        </div>
        <div class="form-group required">
          <label class="col-sm-2 control-label" for="input-bbacity"><?php echo $entry_city; ?></label>
          <div class="col-sm-10">
            <select name="bbacity" id="input-bbacity" class="form-control" style="width: 100%;">
            </select>
          </div>
        </div>
        <script type="text/javascript">
        var BBALogistics_Address_Field = BBALogistics_Address_Form.field();
        var field = new BBALogistics_Address_Field( "#input-bbacountry", "#input-bbastate", "#input-bbapostcode", "#input-bbacity" );
        // To add initial values
        <?php if (isset($bbacountry) && isset($bbapostcode) && isset($bbacity)) { ?>
          field.value({ country: "<?php echo $bbacountry;?>", state: "<?php echo $bbastate;?>", postcode: "<?php echo $bbapostcode;?>", city: "<?php echo $bbacity;?>" });
        <?php } ?>
        var address = new BBALogistics_Address_Form( field );
            address.init({ ajaxUrl: "index.php?route=api/bbashipping/addressapi" });
        </script>
      ]]>
      </add>
    </operation>
  </file>
  <file path="catalog/view/theme/default/template/checkout/payment_address.tpl">
    <operation error="skip">
      <search offset="2"><![CDATA[<input type="text" name="address_2" value="" placeholder="<?php echo $entry_address_2; ?>" id="input-payment-address-2" class="form-control" />]]></search>
      <add position="replace" offset="36"><![CDATA[
        <!--frd 1-->
        <input type="text" name="address_2" value="" placeholder="<?php echo $entry_address_2; ?>" id="input-payment-address-2" class="form-control" />
      </div>
    </div>
    <input type="hidden" name="city" value="" id="input-payment-city" class="form-control" />
    <input type="hidden" name="postcode" value="" id="input-payment-postcode" class="form-control" />
    <input type="hidden" name="country_id" value="" id="input-payment-country" class="form-control" />
    <input type="hidden" name="zone_id" value="" id="input-payment-zone" class="form-control" />

    <div class="form-group required">
      <label class="col-sm-2 control-label" for="input-payment-bbacountry"><?php echo $entry_country; ?></label>
      <div class="col-sm-10">
        <select name="bbacountry" id="input-payment-bbacountry" class="form-control" style="width: 100%;">
        </select>
      </div>
    </div>
    <div class="form-group">
      <label class="col-sm-2 control-label" for="input-payment-bbastate"><?php echo $entry_state; ?></label>
      <div class="col-sm-10">
        <select name="bbastate" id="input-payment-bbastate" class="form-control" style="width: 100%;">
        </select>
    </div>
    </div>
    <div class="form-group required">
      <label class="col-sm-2 control-label" for="input-payment-bbapostcode"><?php echo $entry_postcode; ?></label>
      <div class="col-sm-10">
        <select name="bbapostcode" id="input-payment-bbapostcode" class="form-control" style="width: 100%;">
        </select>
      </div>
    </div>

    <div class="form-group required">
      <label class="col-sm-2 control-label" for="input-payment-bbacity"><?php echo $entry_city; ?></label>
      <div class="col-sm-10">
        <select name="bbacity" id="input-payment-bbacity" class="form-control" style="width: 100%;">
        </select>
      </div>
    </div>
    <script type="text/javascript">
    var BBALogistics_Address_Field = BBALogistics_Address_Form.field();
    var field = new BBALogistics_Address_Field( "#input-payment-bbacountry", "#input-payment-bbastate", "#input-payment-bbapostcode", "#input-payment-bbacity" );
    // To add initial values
    <?php if (isset($bbacountry) && isset($bbapostcode) && isset($bbacity)) { ?>
      field.value({ country: "<?php echo $bbacountry;?>", state: "<?php echo $bbastate;?>", postcode: "<?php echo $bbapostcode;?>", city: "<?php echo $bbacity;?>" });
    <?php } ?>
    var address = new BBALogistics_Address_Form( field );
        address.init({ ajaxUrl: "index.php?route=api/bbashipping/addressapi" });
    </script>
      ]]>
      </add>
    </operation>
  </file>
  <file path="catalog/view/theme/default/template/checkout/register.tpl">
    <operation error="skip">
      <search offset="1"><![CDATA[<input type="text" name="address_2" value="" placeholder="<?php echo $entry_address_2; ?>" id="input-payment-address-2" class="form-control" />]]></search>
      <add position="replace" offset="27"><![CDATA[
        <input type="text" name="address_2" value="" placeholder="<?php echo $entry_address_2; ?>" id="input-payment-address-2" class="form-control" />
      </div>
        <!--frd 1-->
        <input type="hidden" name="city" value="" id="input-payment-city" class="form-control" />
        <input type="hidden" name="postcode" value="" id="input-payment-postcode" class="form-control" />
        <input type="hidden" name="country_id" value="" id="input-payment-country" class="form-control" />
        <input type="hidden" name="zone_id" value="" id="input-payment-zone" class="form-control" />

        <div class="form-group required">
          <label class="control-label" for="input-payment-bbacountry"><?php echo $entry_country; ?></label>
          <select name="bbacountry" id="input-payment-bbacountry" class="form-control" style="width: 100%;">
          </select>
        </div>
        <div class="form-group">
          <label class="control-label" for="input-payment-bbastate"><?php echo $entry_state; ?></label>
          <select name="bbastate" id="input-payment-bbastate" class="form-control" style="width: 100%;">
          </select>
        </div>
        <div class="form-group required">
          <label class="control-label" for="input-payment-bbapostcode"><?php echo $entry_postcode; ?></label>
          <select name="bbapostcode" id="input-payment-bbapostcode" class="form-control" style="width: 100%;">
          </select>
        </div>

        <div class="form-group required">
          <label class="control-label" for="input-payment-bbacity"><?php echo $entry_city; ?></label>
          <select name="bbacity" id="input-payment-bbacity" class="form-control" style="width: 100%;">
          </select>
        </div>
        <script type="text/javascript">
        var BBALogistics_Address_Field = BBALogistics_Address_Form.field();
        var field = new BBALogistics_Address_Field( "#input-payment-bbacountry", "#input-payment-bbastate", "#input-payment-bbapostcode", "#input-payment-bbacity" );
        // To add initial values
        <?php if (isset($bbacountry) && isset($bbapostcode) && isset($bbacity)) { ?>
          field.value({ country: "<?php echo $bbacountry;?>", state: "<?php echo $bbastate;?>", postcode: "<?php echo $bbapostcode;?>", city: "<?php echo $bbacity;?>" });
        <?php } ?>
        var address = new BBALogistics_Address_Form( field );
            address.init({ ajaxUrl: "index.php?route=api/bbashipping/addressapi" });
        </script>
      ]]>
      </add>
    </operation>
  </file>
  <file path="catalog/view/theme/default/template/checkout/shipping_address.tpl">
    <operation error="skip">
      <search offset="2"><![CDATA[<input type="text" name="address_2" value="" placeholder="<?php echo $entry_address_2; ?>" id="input-shipping-address-2" class="form-control" />]]></search>
      <add position="replace" offset="36"><![CDATA[
        <input type="text" name="address_2" value="" placeholder="<?php echo $entry_address_2; ?>" id="input-shipping-address-2" class="form-control" />
      </div>
    </div>
        <!--frd 1-->
        <input type="hidden" name="city" value="" id="input-shipping-city" class="form-control" />
        <input type="hidden" name="postcode" value="" id="input-shipping-postcode" class="form-control" />
        <input type="hidden" name="country_id" value="" id="input-shipping-country" class="form-control" />
        <input type="hidden" name="zone_id" value="" id="input-shipping-zone" class="form-control" />

        <div class="form-group required">
          <label class="col-sm-2 control-label" for="input-shipping-bbacountry"><?php echo $entry_country; ?></label>
          <div class="col-sm-10">
            <select name="bbacountry" id="input-shipping-bbacountry" class="form-control" style="width: 100%;">
            </select>
          </div>
        </div>
        <div class="form-group">
          <label class="col-sm-2 control-label" for="input-shipping-bbastate"><?php echo $entry_state; ?></label>
          <div class="col-sm-10">
            <select name="bbastate" id="input-shipping-bbastate" class="form-control" style="width: 100%;">
            </select>
        </div>
        </div>
        <div class="form-group required">
          <label class="col-sm-2 control-label" for="input-shipping-bbapostcode"><?php echo $entry_postcode; ?></label>
          <div class="col-sm-10">
            <select name="bbapostcode" id="input-shipping-bbapostcode" class="form-control" style="width: 100%;">
            </select>
          </div>
        </div>

        <div class="form-group required">
          <label class="col-sm-2 control-label" for="input-shipping-bbacity"><?php echo $entry_city; ?></label>
          <div class="col-sm-10">
            <select name="bbacity" id="input-shipping-bbacity" class="form-control" style="width: 100%;">
            </select>
          </div>
        </div>
        <script type="text/javascript">
        var BBALogistics_Address_Field = BBALogistics_Address_Form.field();
        var field = new BBALogistics_Address_Field( "#input-shipping-bbacountry", "#input-shipping-bbastate", "#input-shipping-bbapostcode", "#input-shipping-bbacity" );
        // To add initial values
        <?php if (isset($bbacountry) && isset($bbapostcode) && isset($bbacity)) { ?>
          field.value({ country: "<?php echo $bbacountry;?>", state: "<?php echo $bbastate;?>", postcode: "<?php echo $bbapostcode;?>", city: "<?php echo $bbacity;?>" });
        <?php } ?>
        var address = new BBALogistics_Address_Form( field );
            address.init({ ajaxUrl: "index.php?route=api/bbashipping/addressapi" });
        </script>
      ]]>
      </add>
    </operation>
  </file>

  <file path="catalog/view/theme/default/template/checkout/guest_shipping.tpl">
    <operation error="skip">
      <search><![CDATA[<input type="text" name="address_2" value="<?php echo $address_2; ?>" placeholder="<?php echo $entry_address_2; ?>" id="input-shipping-address-2" class="form-control" />]]></search>
      <add position="replace" offset="36"><![CDATA[
        <input type="text" name="address_2" value="<?php echo $address_2; ?>" placeholder="<?php echo $entry_address_2; ?>" id="input-shipping-address-2" class="form-control" />
      </div>
    </div>
    <!--frd 1-->
    <input type="hidden" name="city" value="" id="input-shipping-city" class="form-control" />
    <input type="hidden" name="postcode" value="" id="input-shipping-postcode" class="form-control" />
    <input type="hidden" name="country_id" value="" id="input-shipping-country" class="form-control" />
    <input type="hidden" name="zone_id" value="" id="input-shipping-zone" class="form-control" />

    <div class="form-group required">
      <label class="col-sm-2 control-label" for="input-shipping-bbacountry"><?php echo $entry_country; ?></label>
      <div class="col-sm-10">
        <select name="bbacountry" id="input-shipping-bbacountry" class="form-control" style="width: 100%;">
        </select>
      </div>
    </div>
    <div class="form-group">
      <label class="col-sm-2 control-label" for="input-shipping-bbastate"><?php echo $entry_state; ?></label>
      <div class="col-sm-10">
        <select name="bbastate" id="input-shipping-bbastate" class="form-control" style="width: 100%;">
        </select>
    </div>
    </div>
    <div class="form-group required">
      <label class="col-sm-2 control-label" for="input-shipping-bbapostcode"><?php echo $entry_postcode; ?></label>
      <div class="col-sm-10">
        <select name="bbapostcode" id="input-shipping-bbapostcode" class="form-control" style="width: 100%;">
        </select>
      </div>
    </div>

    <div class="form-group required">
      <label class="col-sm-2 control-label" for="input-shipping-bbacity"><?php echo $entry_city; ?></label>
      <div class="col-sm-10">
        <select name="bbacity" id="input-shipping-bbacity" class="form-control" style="width: 100%;">
        </select>
      </div>
    </div>
    <script type="text/javascript">
    var BBALogistics_Address_Field = BBALogistics_Address_Form.field();
    var field = new BBALogistics_Address_Field( "#input-shipping-bbacountry", "#input-shipping-bbastate", "#input-shipping-bbapostcode", "#input-shipping-bbacity" );
    // To add initial values
    <?php if (isset($bbacountry) && isset($bbapostcode) && isset($bbacity)) { ?>
      field.value({ country: "<?php echo $bbacountry;?>", state: "<?php echo $bbastate;?>", postcode: "<?php echo $bbapostcode;?>", city: "<?php echo $bbacity;?>" });
    <?php } ?>
    var address = new BBALogistics_Address_Form( field );
        address.init({ ajaxUrl: "index.php?route=api/bbashipping/addressapi" });
    </script>
      ]]>
      </add>
    </operation>
  </file>

  <file path="catalog/view/theme/default/template/checkout/guest.tpl">
    <operation error="skip">
      <search><![CDATA[<input type="text" name="address_2" value="<?php echo $address_2; ?>" placeholder="<?php echo $entry_address_2; ?>" id="input-payment-address-2" class="form-control" />]]></search>
      <add position="replace" offset="27"><![CDATA[
        <input type="text" name="address_2" value="<?php echo $address_2; ?>" placeholder="<?php echo $entry_address_2; ?>" id="input-payment-address-2" class="form-control" />
      </div>
    <!--frd 1-->
    <input type="hidden" name="city" value="" id="input-payment-city" class="form-control" />
    <input type="hidden" name="postcode" value="" id="input-payment-postcode" class="form-control" />
    <input type="hidden" name="country_id" value="" id="input-payment-country" class="form-control" />
    <input type="hidden" name="zone_id" value="" id="input-payment-zone" class="form-control" />

    <div class="form-group required">
      <label class="control-label" for="input-payment-bbacountry"><?php echo $entry_country; ?></label>
      <select name="bbacountry" id="input-payment-bbacountry" class="form-control" style="width: 100%;">
      </select>
    </div>
    <div class="form-group">
      <label class="control-label" for="input-payment-bbastate"><?php echo $entry_state; ?></label>
      <select name="bbastate" id="input-payment-bbastate" class="form-control" style="width: 100%;">
      </select>
    </div>
    <div class="form-group required">
      <label class="control-label" for="input-payment-bbapostcode"><?php echo $entry_postcode; ?></label>
      <select name="bbapostcode" id="input-payment-bbapostcode" class="form-control" style="width: 100%;">
      </select>
    </div>

    <div class="form-group required">
      <label class="control-label" for="input-payment-bbacity"><?php echo $entry_city; ?></label>
      <select name="bbacity" id="input-payment-bbacity" class="form-control" style="width: 100%;">
      </select>
    </div>
    <script type="text/javascript">
    var BBALogistics_Address_Field = BBALogistics_Address_Form.field();
    var field = new BBALogistics_Address_Field( "#input-payment-bbacountry", "#input-payment-bbastate", "#input-payment-bbapostcode", "#input-payment-bbacity" );
    // To add initial values
    <?php if (isset($bbacountry) && isset($bbapostcode) && isset($bbacity)) { ?>
      field.value({ country: "<?php echo $bbacountry;?>", state: "<?php echo $bbastate;?>", postcode: "<?php echo $bbapostcode;?>", city: "<?php echo $bbacity;?>" });
    <?php } ?>
    var address = new BBALogistics_Address_Form( field );
        address.init({ ajaxUrl: "index.php?route=api/bbashipping/addressapi" });
    </script>
      ]]>
      </add>
    </operation>
  </file>

  <file path="catalog/view/theme/default/template/checkout/shipping_method.tpl">
    <operation error="skip">
      <search><![CDATA[<?php $code = $quote['code']; ?>]]></search>
      <add position="replace" offset="5"><![CDATA[
        <?php $code = $quote['code']; ?>
        <!--frd 1-->
        <input type="radio" name="shipping_method" value="<?php echo $quote['code']; ?>" checked="checked" /><img src="<?php echo $quote['icon']; ?>" alt="" style="width:128px;height:64px;">
        <?php } else { ?>
        <input type="radio" name="shipping_method" value="<?php echo $quote['code']; ?>" /><img src="<?php echo $quote['icon']; ?>" alt="" style="width:128px;height:64px;">
        <?php } ?>
        <?php echo $quote['title']; ?> - <?php echo $quote['text']; ?><p style="font-size:85%;"><?php echo isset($quote['etd']) ?  'Est: ' . $quote['etd'] : ''; ?></p></label>
        <!---->
      ]]>
      </add>
    </operation>
  </file>
  <file path="catalog/view/theme/default/template/common/header.tpl">
    <operation error="skip">
      <search><![CDATA[<link href="catalog/view/theme/default/stylesheet/stylesheet.css"]]></search>
      <add position="after"><![CDATA[
        <!--frd 1-->
        <script type="text/javascript" src="catalog/view/bbascript/bbalogistics.bundle.js"></script>
        <link href="catalog/view/bbascript/bbalogistics.bundle.css" type="text/css" rel="stylesheet"/>
        <!---->
      ]]>
      </add>
    </operation>
  </file>
  <file path="catalog/view/theme/default/template/extension/total/shipping.tpl">
    <operation error="skip">
      <search><![CDATA[<div class="form-horizontal">]]></search>
      <add position="replace" offset="28"><![CDATA[
        <div class="form-horizontal">
          <!--frd 1-->
          <div class="form-group required">
            <label class="col-sm-2 control-label" for="input-bbacountry"><?php echo $entry_country; ?></label>
            <div class="col-sm-10">
              <select name="bbacountry" id="input-bbacountry" class="form-control" style="width: 100%;">
              </select>
            </div>
          </div>
          <div class="form-group">
            <label class="col-sm-2 control-label" for="input-bbastate"><?php echo $entry_state; ?></label>
            <div class="col-sm-10">
              <select name="bbastate" id="input-bbastate" class="form-control" style="width: 100%;">
              </select>
            </div>
          </div>
          <div class="form-group required">
            <label class="col-sm-2 control-label" for="input-bbapostcode"><?php echo $entry_postcode; ?></label>
            <div class="col-sm-10">
              <select name="bbapostcode" id="input-bbapostcode" class="form-control" style="width: 100%;">
              </select>
            </div>
          </div>

          <div class="form-group required">
            <label class="col-sm-2 control-label" for="input-bbacity"><?php echo $entry_city; ?></label>
            <div class="col-sm-10">
              <select name="bbacity" id="input-bbacity" class="form-control" style="width: 100%;">
              </select>
            </div>
          </div>
          <script type="text/javascript">
          var BBALogistics_Address_Field = BBALogistics_Address_Form.field();
          var field = new BBALogistics_Address_Field( "#input-bbacountry", "#input-bbastate", "#input-bbapostcode", "#input-bbacity" );
          // To add initial values
          <?php if (isset($bbacountry) && isset($bbapostcode) && isset($bbacity)) { ?>
            field.value({ country: "<?php echo $bbacountry;?>", state: "<?php echo $bbastate;?>", postcode: "<?php echo $bbapostcode;?>", city: "<?php echo $bbacity;?>" });
          <?php } ?>
          var address = new BBALogistics_Address_Form( field );
              address.init({ ajaxUrl: "index.php?route=api/bbashipping/addressapi" });
          </script>
        <!---->
      ]]>
      </add>
    </operation>
    <operation error="skip">
      <search><![CDATA[data: 'country_id=' + $('select[name=\'country_id\']').val() + '&zone_id=' + $('select[name=\'zone_id\']').val() + '&postcode=' + encodeURIComponent($('input[name=\'postcode\']').val()),]]></search>
      <add position="replace"><![CDATA[
        //frd 2
        data: 'country_id=' + $('select[name=\'country_id\']').val() + '&zone_id=' + $('select[name=\'zone_id\']').val() + '&postcode=' + encodeURIComponent($('input[name=\'postcode\']').val()) + '&bbacountry=' + $('select[name=\'bbacountry\']').val() + '&bbacity=' + $('select[name=\'bbacity\']').val() +
        '&bbapostcode=' + $('select[name=\'bbapostcode\']').val(),
      ]]>
      </add>
    </operation>
    <operation error="skip">
      <search><![CDATA[if (json['shipping_method'][i]['quote'][j]['code'] == '<?php echo $shipping_method; ?>') {]]></search>
      <add position="replace" offset="4"><![CDATA[
        //frd 3
        if (json['shipping_method'][i]['quote'][j]['code'] == '<?php echo $shipping_method; ?>') {
          html += '<input type="radio" name="shipping_method" value="' + json['shipping_method'][i]['quote'][j]['code'] + '" checked="checked" />' + '<img src="' +  json['shipping_method'][i]['quote'][j]['icon'] + '" alt="" style="width:128px;height:64px;">';
        } else {
          html += '<input type="radio" name="shipping_method" value="' + json['shipping_method'][i]['quote'][j]['code'] + '" />' + '<img src="' +  json['shipping_method'][i]['quote'][j]['icon'] + '" alt="" style="width:128px;height:64px;">';
        }
      ]]>
      </add>
    </operation>
    <operation error="skip">
      <search><![CDATA[html += json['shipping_method'][i]['quote'][j]['title'] + ' - ' + json['shipping_method'][i]['quote'][j]['text'] + '</label></div>';]]></search>
      <add position="replace"><![CDATA[
        //frd 4
        if(typeof(json['shipping_method'][i]['quote'][j]['etd']) != "undefined" && json['shipping_method'][i]['quote'][j]['etd'] !== null) {
          html += json['shipping_method'][i]['quote'][j]['title'] + ' - ' + json['shipping_method'][i]['quote'][j]['text'] + '<p style="font-size:85%;">Est: ' + json['shipping_method'][i]['quote'][j]['etd'] + '</p>' + '</label></div>';
        } else {
          html += json['shipping_method'][i]['quote'][j]['title'] + ' - ' + json['shipping_method'][i]['quote'][j]['text'] + '</label></div>';
        }
      ]]>
      </add>
    </operation>


  </file>
</modification>
